{"cameraMode":{"drawMode":0,"name":"Shaded","section":"Shading Mode"},"sceneLighting":true,"audioPlay":false,"sceneViewState":{"showFog":true,"showMaterialUpdate":false,"showSkybox":true,"showFlares":true,"showImageEffects":true,"showParticleSystems":true},"in2DMode":false,"pivot":{"x":-1.872981309890747,"y":0.7296962738037109,"z":-5.110599040985107},"rotation":{"x":0.24422858655452729,"y":-0.5483353137969971,"z":0.1714242547750473,"w":0.7812153697013855},"size":2.299368381500244,"orthographic":false}